Date,dailyreturn
02/20/2018,1.472959428
02/19/2018,-3.06796454
02/18/2018,-4.298451848
02/17/2018,7.550618673
02/16/2018,44.2306487
02/15/2018,39.52466423
02/14/2018,43.2042419
02/13/2018,2.545150717
02/12/2018,-1.451662092
02/11/2018,-0.321134676
02/10/2018,12.58321274
02/09/2018,14.65836772
02/08/2018,19.26115056
02/07/2018,-6.640545835
02/06/2018,-10.77067083
02/05/2018,-4.604962704
02/04/2018,4.026704146
02/03/2018,-1.897765534
02/02/2018,-20.5106486
02/01/2018,-21.66685016
01/31/2018,-15.74250787
01/30/2018,-8.629553873
01/29/2018,2.789566005
01/28/2018,7.544239197
01/27/2018,0.500027779
01/26/2018,-0.607389911
01/25/2018,0.14443642
01/24/2018,-5.477365823
01/23/2018,-15.73784475
01/22/2018,-6.711235489
01/21/2018,-1.254926364
01/20/2018,13.13532061
01/19/2018,2.458450592
01/18/2018,-17.15427246
01/17/2018,-21.85352774
01/16/2018,-27.33901771
01/15/2018,-1.726758423
01/14/2018,4.058944064
01/13/2018,3.460801533
01/12/2018,-4.120790155
01/11/2018,-10.31826713
01/10/2018,-13.14959265
01/09/2018,-16.66722888
01/08/2018,2.603602519
01/07/2018,19.50532378
01/06/2018,20.81754086
01/05/2018,-2.50704005
01/04/2018,5.387940444
01/03/2018,5.717363206
01/02/2018,16.77018634
01/01/2018,-6.708757637
12/31/2017,-7.133997519
12/30/2017,-19.55028107
12/29/2017,-14.31064572
12/28/2017,-8.581147811
12/27/2017,-1.380534821
12/26/2017,-0.614007701
12/25/2017,3.193296342
12/24/2017,-13.06621307
12/23/2017,-8.37518276
12/22/2017,-24.35974304
12/21/2017,-11.40815985
12/20/2017,-1.286395582
12/19/2017,17.15222263
12/18/2017,19.53432517
12/17/2017,14.10160026
12/16/2017,-1.199603437
12/15/2017,-5.180921053
12/14/2017,30.40616246
12/13/2017,103.5517288
12/12/2017,103.6588508
12/11/2017,71.56587905
12/10/2017,51.24631193
12/09/2017,54.69855506
12/08/2017,21.92382813
12/07/2017,-5.707981581
12/06/2017,-0.898676674
12/05/2017,2.114080574
12/04/2017,5.292929293
12/03/2017,14.63828824
12/02/2017,17.19060418
12/01/2017,3.092783505
11/30/2017,-3.569868996
11/29/2017,-0.418945653
11/28/2017,8.117541094
11/27/2017,17.48108247
11/26/2017,17.35864518
11/25/2017,23.54986785
11/24/2017,11.337998
11/23/2017,1.342560554
11/22/2017,0.41905294
11/21/2017,0.560022975
11/20/2017,6.926150659
11/19/2017,0.745848579
11/18/2017,9.119398308
11/17/2017,7.801531589
11/16/2017,15.73289902
11/15/2017,8.15116082
11/14/2017,0.609951846
11/13/2017,3.61120486
11/12/2017,-8.18422281
11/11/2017,-0.431516701
11/10/2017,-3.327895595
11/09/2017,16.49447163
11/08/2017,14.28310502
11/07/2017,11.37354651
11/06/2017,-1.797792809
11/05/2017,0.018268177
11/04/2017,3.497555472
11/03/2017,0.771300448
11/02/2017,-2.926050718
11/01/2017,-6.881456838
10/31/2017,1.938197111
10/30/2017,1.915778059
10/29/2017,2.457839971
10/28/2017,-3.186404673
10/27/2017,-1.125804146
10/26/2017,1.493080845
10/25/2017,-0.563281112
10/24/2017,-3.848797251
10/23/2017,-8.967346262
10/22/2017,-4.904586542
10/21/2017,-4.16598057
10/20/2017,1.429051782
10/19/2017,-7.551841535
10/18/2017,-7.239957232
10/17/2017,-6.989835809
10/16/2017,8.73296315
10/15/2017,8.916985527
10/14/2017,25.66319513
10/13/2017,17.17271293
10/12/2017,19.83652313
10/11/2017,-4.234098607
10/10/2017,-3.537466717
10/09/2017,-3.760552571
10/08/2017,2.844977743
10/07/2017,2.295719844
10/06/2017,-0.439350525
10/05/2017,-3.203446984
10/04/2017,-5.757242391
10/03/2017,-5.059847661
10/02/2017,1.44431775
10/01/2017,0.831946755
09/30/2017,-2.025586354
09/29/2017,2.075654704
09/28/2017,4.86622722
09/27/2017,18.18563629
09/26/2017,4.627562411
09/25/2017,7.257226035
09/24/2017,2.166916971
09/23/2017,-4.755461048
09/22/2017,-8.989401968
09/21/2017,-16.06338916
09/20/2017,6.68179006
09/19/2017,9.490261086
09/18/2017,15.18357187
09/17/2017,16.61856662
09/16/2017,-21.82083266
09/15/2017,-24.94161607
09/14/2017,-37.03815869
09/13/2017,0.194773576
09/12/2017,-2.696561127
09/11/2017,-2.581501696
09/10/2017,-21.49592253
09/09/2017,-17.6007989
09/08/2017,-4.909524477
09/07/2017,20.34963963
09/06/2017,4.255596044
09/05/2017,-9.782333586
09/04/2017,-24.20966992
09/03/2017,8.133971292
09/02/2017,23.14165498
09/01/2017,36.20389425
08/31/2017,13.9512508
08/30/2017,4.921517332
08/29/2017,22.06763285
08/28/2017,21.8444705
08/27/2017,21.85694361
08/26/2017,-2.816901408
08/25/2017,9.522790499
08/24/2017,4.693366708
08/23/2017,15.18494484
08/22/2017,2.748460862
08/21/2017,1.395939086
08/20/2017,5.283534502
08/19/2017,3.012457531
08/18/2017,9.166474255
08/17/2017,-4.126637555
08/16/2017,-3.623662956
08/15/2017,-6.719793237
08/14/2017,-2.760084926
08/13/2017,-1.483870968
08/12/2017,-3.290981046
08/11/2017,-3.146206046
08/10/2017,1.528384279
08/09/2017,6.45232816
08/08/2017,3.777208707
08/07/2017,5.408515535
08/06/2017,5.226318245
08/05/2017,11.22715405
08/04/2017,0.95260223
08/03/2017,-0.371920037
08/02/2017,4.230578921
08/01/2017,4.6692607
07/31/2017,5.934498892
07/30/2017,-4.081632653
07/29/2017,-2.628463178
07/28/2017,-3.858901515
07/27/2017,-5.111461383
07/26/2017,-4.153427145
07/25/2017,-9.278350515
07/24/2017,-2.950174825
07/23/2017,-2.132385606
07/22/2017,13.95007342
07/21/2017,3.295711061
07/20/2017,5.507382236
07/19/2017,-0.122219506
07/18/2017,13.82322713
07/17/2017,-0.303738318
07/16/2017,-11.69868336
07/15/2017,-20.16410256
07/14/2017,-5.581292742
07/13/2017,-0.536711035
07/12/2017,-1.674062122
07/11/2017,-13.06098964
07/10/2017,0
07/09/2017,-3.031488363
07/08/2017,-1.974055274
07/07/2017,-15.81420568
07/06/2017,10.12276545
07/05/2017,27.95285061
07/04/2017,41.90818159
07/03/2017,15.06815366
07/02/2017,1.21743365
07/01/2017,-9.008168028
06/30/2017,-0.468672916
06/29/2017,-0.14587892
06/28/2017,-2.436247723
06/27/2017,-8.87839964
06/26/2017,-13.11787072
06/25/2017,-7.94382729
06/24/2017,-6.905210295
06/23/2017,0.254129606
06/22/2017,-5.186804452
06/21/2017,3.801042572
06/20/2017,-0.902413431
06/19/2017,40.95238095
06/18/2017,52.34943746
06/17/2017,57.67703508
06/16/2017,16.51436031
06/15/2017,2.440677966
06/14/2017,-9.030704395
06/13/2017,0.657030223
06/12/2017,-0.606469003
06/11/2017,9.963588216
06/10/2017,7.220852413
06/09/2017,-2.847790507
06/08/2017,-2.042801556
06/07/2017,1.61059413
06/06/2017,10.4483008
06/05/2017,6.565307533
06/04/2017,-2.986111111
06/03/2017,9.328063241
06/02/2017,19.88400994
06/01/2017,14.2403808
05/31/2017,4.45912469
05/30/2017,1.684919966
05/29/2017,6.147368421
05/28/2017,-18.99665552
05/27/2017,-31.08853411
05/26/2017,-26.03550296
05/25/2017,17.80929866
05/24/2017,30.98859316
05/23/2017,16.72119229
05/22/2017,-8.375451264
05/21/2017,-7.263751763
05/20/2017,8.307086614
05/19/2017,18.73124732
05/18/2017,11.78557351
05/17/2017,-12.0803046
05/16/2017,-19.30127983
05/15/2017,-7.577413479
05/14/2017,-5.95703125
05/13/2017,-9.543178974
05/12/2017,-18.25491364
05/11/2017,6.077348066
05/10/2017,5.513370749
05/09/2017,19.24715909
05/08/2017,10.23981728
05/07/2017,29.49978623
05/06/2017,33.84030418
05/05/2017,65.32410321
05/04/2017,46.92211055
05/03/2017,33.92743475
05/02/2017,0.952986023
05/01/2017,11.0181311
04/30/2017,7.455540356
04/29/2017,5.993265993
04/28/2017,-5.719921105
04/27/2017,-2.338009352
04/26/2017,6.527977044
04/25/2017,16.46248086
04/24/2017,33.30365093
04/23/2017,34.94675702
04/22/2017,35.19668737
04/21/2017,8.817829457
04/20/2017,-0.863723608
04/19/2017,-9.803921569
04/18/2017,-4.355885079
04/17/2017,0.288739172
04/16/2017,5.517241379
04/15/2017,0
04/14/2017,17.40112994
04/13/2017,13.78923767
04/12/2017,23.88059701
04/11/2017,-10.78629032
04/10/2017,-4.802561366
04/09/2017,-15.02439024
04/08/2017,-10.55004509
04/07/2017,13.02774427
04/06/2017,27.01363073
04/05/2017,43.28165375
04/04/2017,20.49418605
04/03/2017,20.98950525
04/02/2017,10.88825215
04/01/2017,64.20047733
03/31/2017,60.33653846
03/30/2017,71.07843137
03/29/2017,3.201970443
03/28/2017,2.211302211
03/27/2017,0
03/26/2017,2.010050251
03/25/2017,3.299492386
03/24/2017,1.74563591
03/23/2017,-1.240694789
03/22/2017,-0.505050505
03/21/2017,1.007556675
03/20/2017,-0.738916256
03/19/2017,-6.603773585
03/18/2017,-4.567307692
03/17/2017,0
03/16/2017,1.678657074
03/15/2017,8.333333333
03/14/2017,6.842105263
03/13/2017,11.2
03/12/2017,0
03/11/2017,0.529100529
03/10/2017,-1.832460733
03/09/2017,-2.040816327
03/08/2017,-3.076923077
03/07/2017,-1.546391753
03/06/2017,0
03/05/2017,-0.510204082
03/04/2017,2.105263158
03/03/2017,3.978779841
03/02/2017,3.157894737
03/01/2017,-0.783289817
02/28/2017,-1.566579634
02/27/2017,-1.298701299
02/26/2017,-0.260416667
02/25/2017,0.524934383
02/24/2017,1.851851852
02/23/2017,1.856763926
02/22/2017,1.329787234
02/21/2017,-0.263852243
02/20/2017,-1.566579634
02/19/2017,-0.791556728
02/18/2017,-0.524934383
02/17/2017,1.591511936
02/16/2017,1.88172043
02/15/2017,1.329787234
02/14/2017,-0.527704485
02/13/2017,-1.587301587
02/12/2017,-1.052631579
02/11/2017,-5.721393035
02/10/2017,-6.435643564
02/09/2017,-5.940594059
02/08/2017,-0.495049505
02/07/2017,-0.492610837
02/06/2017,-0.980392157
02/05/2017,-1.222493888
02/04/2017,-0.490196078
02/03/2017,0
02/02/2017,1.741293532
02/01/2017,5.974025974
01/31/2017,5.974025974
01/30/2017,4.14507772
01/29/2017,0.522193211
01/28/2017,3.773584906
01/27/2017,1.846965699
01/26/2017,-0.260416667
01/25/2017,-3.385416667
01/24/2017,-2.820512821
01/23/2017,-1.285347044
01/22/2017,-0.518134715
01/21/2017,1.5625
01/20/2017,-1.269035533
01/19/2017,-1.025641026
01/18/2017,-2.290076336
01/17/2017,1.025641026
01/16/2017,0.257069409
01/15/2017,-0.757575758
01/14/2017,1.298701299
01/13/2017,-15.25054466
01/12/2017,-7.906976744
01/11/2017,-3.50877193
01/10/2017,15.90909091
01/09/2017,11.39896373
01/08/2017,-6.993006993
01/07/2017,-18.18181818
01/06/2017,-16.63066955
01/05/2017,-7.741935484
01/04/2017,7.317073171
01/03/2017,6.928406467
01/02/2017,5.922551253
01/01/2017,-1.096491228
12/31/2016,-5.251641138
12/30/2016,-1.789709172
12/29/2016,4.587155963
12/28/2016,5.057471264
12/27/2016,-1.758241758
12/26/2016,-6.43776824
12/25/2016,17.25067385
12/24/2016,24.65753425
12/23/2016,27.32240437
12/22/2016,1.366120219
12/21/2016,-0.815217391
12/20/2016,-1.081081081
12/19/2016,0.826446281
12/18/2016,1.657458564
12/17/2016,2.209944751
12/16/2016,-0.547945205
12/15/2016,-1.092896175
12/14/2016,-0.549450549
12/13/2016,-0.815217391
12/12/2016,-0.81300813
12/11/2016,-1.35501355
12/10/2016,1.657458564
12/09/2016,4.237288136
12/08/2016,4.532577904
12/07/2016,-7.179487179
12/06/2016,-9.693877551
12/05/2016,-10.63291139
12/04/2016,-0.255754476
12/03/2016,0.771208226
12/02/2016,2.067183463
12/01/2016,0.773195876
11/30/2016,0.257731959
11/29/2016,-0.514138817
11/28/2016,-1.020408163
11/27/2016,-0.767263427
11/26/2016,-1.017811705
11/25/2016,-0.759493671
11/24/2016,-0.76142132
11/23/2016,0.255102041
11/22/2016,0
11/21/2016,-0.505050505
11/20/2016,-0.507614213
11/19/2016,-1.741293532
11/18/2016,1.799485861
11/17/2016,1.546391753
11/16/2016,3.608247423
11/15/2016,3.457446809
11/14/2016,1.570680628
11/13/2016,1.570680628
11/12/2016,-2.590673575
11/11/2016,-0.520833333
11/10/2016,-0.520833333
11/09/2016,-0.771208226
11/08/2016,-0.775193798
11/07/2016,-1.030927835
11/06/2016,0.777202073
11/05/2016,-5.609756098
11/04/2016,-5.134474328
11/03/2016,-3.258145363
11/02/2016,1.736972705
11/01/2016,0
10/31/2016,0.503778338
10/30/2016,0.248756219
10/29/2016,3.282828283
10/28/2016,1.794871795
10/27/2016,3.875968992
10/26/2016,1.020408163
10/25/2016,0.257069409
10/24/2016,1.57480315
10/23/2016,3.703703704
10/22/2016,2.368421053
10/21/2016,-0.78125
10/20/2016,-3.324808184
10/19/2016,-2.313624679
10/18/2016,-0.775193798
10/17/2016,0.256410256
10/16/2016,-0.511508951
10/15/2016,2.925531915
10/14/2016,2.094240838
10/13/2016,2.894736842
10/12/2016,-1.570680628
10/11/2016,-0.520833333
10/10/2016,-1.554404145
10/09/2016,-0.779220779
10/08/2016,0
10/07/2016,1.047120419
10/06/2016,0.260416667
10/05/2016,0
10/04/2016,-0.779220779
10/03/2016,0
10/02/2016,-0.25974026
10/01/2016,0.260416667
09/30/2016,-0.25974026
09/29/2016,-0.259067358
09/28/2016,0.787401575
09/27/2016,1.049868766
09/26/2016,1.312335958
09/25/2016,1.061007958
09/24/2016,-0.78125
09/23/2016,-0.78125
09/22/2016,-1.566579634
09/21/2016,-4.95049505
09/20/2016,0.787401575
09/19/2016,0.524934383
09/18/2016,6.036745407
09/17/2016,-0.522193211
09/16/2016,-0.261780105
09/15/2016,-0.261780105
09/14/2016,-0.777202073
09/13/2016,-3.778337531
09/12/2016,-3.778337531
09/11/2016,-3.258145363
09/10/2016,0
09/09/2016,0
09/08/2016,0.251256281
09/07/2016,-0.997506234
09/06/2016,2.05655527
09/05/2016,4.188481675
09/04/2016,4.699738903
09/03/2016,2.368421053
09/02/2016,0.526315789
09/01/2016,1.861702128
08/31/2016,1.604278075
08/30/2016,1.604278075
08/29/2016,-1.82767624
08/28/2016,-1.578947368
08/27/2016,-3.10880829
08/26/2016,-2.544529262
08/25/2016,3.825136612
08/24/2016,6.629834254
08/23/2016,8.563535912
08/22/2016,1.666666667
08/21/2016,0.27700831
08/20/2016,0.555555556
08/19/2016,-1.098901099
08/18/2016,0.837988827
08/17/2016,-1.369863014
08/16/2016,-1.886792453
08/15/2016,-3.504043127
08/14/2016,-2.406417112
08/13/2016,-0.268817204
08/12/2016,-1.329787234
08/11/2016,-1.319261214
08/10/2016,-1.587301587
08/09/2016,0
08/08/2016,1.608579088
08/07/2016,0.8
08/06/2016,1.075268817
08/05/2016,2.472527473
08/04/2016,-2.849740933
08/03/2016,-7.2319202
08/02/2016,-10.34482759
08/01/2016,-5.392156863
07/31/2016,1.007556675
07/30/2016,2.525252525
07/29/2016,2.770780856
07/28/2016,-1.488833747
07/27/2016,-2.702702703
07/26/2016,-2.216748768
07/25/2016,-0.247524752
07/24/2016,-1.213592233
07/23/2016,-1.694915254
07/22/2016,-2.65060241
07/21/2016,-0.722891566
07/20/2016,-1.431980907
07/19/2016,0.484261501
07/18/2016,-0.240384615
07/17/2016,0.963855422
07/16/2016,-0.241545894
07/15/2016,0.240963855
07/14/2016,1.466992665
07/13/2016,0.975609756
07/12/2016,-0.240384615
07/11/2016,-3.08056872
07/10/2016,-0.243309002
07/09/2016,-6.935123043
07/08/2016,-5.168539326
07/07/2016,-9.471365639
07/06/2016,5.176470588
07/05/2016,-3.050108932
07/04/2016,6.572769953
07/03/2016,1.431980907
07/02/2016,13.05418719
07/01/2016,3.902439024
06/30/2016,1.699029126
06/29/2016,-0.245700246
06/28/2016,-3.073286052
06/27/2016,-3.738317757
06/26/2016,5.714285714
06/25/2016,8.184143223
06/24/2016,-11.2033195
06/23/2016,-27.22117202
06/22/2016,-30.05366726
06/21/2016,-13.30935252
06/20/2016,-5.366726297
06/19/2016,-1.236749117
06/18/2016,6.106870229
06/17/2016,7.5
06/16/2016,6.994328922
06/15/2016,-1.688555347
06/14/2016,3.79241517
06/13/2016,9.297520661
06/12/2016,13.64605544
06/11/2016,5.473684211
06/10/2016,1.467505241
06/09/2016,-5.443548387
06/08/2016,-1.247401247
06/07/2016,-0.831600832
06/06/2016,2.057613169
06/05/2016,1.906779661
06/04/2016,1.476793249
06/03/2016,4.516129032
06/02/2016,1.070663812
06/01/2016,2.819956616
05/31/2016,-1.063829787
05/30/2016,3.777777778
05/29/2016,12.99019608
05/28/2016,16.04938272
05/27/2016,13.92405063
05/26/2016,2.770780856
05/25/2016,3.053435115
05/24/2016,0
05/23/2016,2.319587629
05/22/2016,2.610966057
05/21/2016,-1.25
05/20/2016,-2.512562814
05/19/2016,-4.488778055
05/18/2016,-1.477832512
05/17/2016,-0.748129676
05/16/2016,2.03562341
05/15/2016,5.18134715
05/14/2016,3.350515464
05/13/2016,2.879581152
05/12/2016,-4.926108374
05/11/2016,-1.52284264
05/10/2016,-3.291139241
05/09/2016,6.282722513
05/08/2016,6.199460916
05/07/2016,5.333333333
05/06/2016,2.139037433
05/05/2016,0.815217391
05/04/2016,1.078167116
05/03/2016,2.18579235
05/02/2016,-3.412073491
05/01/2016,-2.110817942
04/30/2016,-5.912596401
04/29/2016,-5.925925926
04/28/2016,-0.524934383
04/27/2016,7.162534435
04/26/2016,21.62162162
04/25/2016,14.75903614
04/24/2016,8.358208955
04/23/2016,1.524390244
04/22/2016,0.911854103
04/21/2016,3.395061728
04/20/2016,0.613496933
04/19/2016,0.611620795
04/18/2016,-1.219512195
04/17/2016,0.617283951
04/16/2016,0.925925926
04/15/2016,0.613496933
04/14/2016,0
04/13/2016,0.309597523
04/12/2016,1.242236025
04/11/2016,0.621118012
04/10/2016,-0.615384615
04/09/2016,-1.226993865
04/08/2016,-0.923076923
04/07/2016,0
04/06/2016,0
04/05/2016,-0.306748466
04/04/2016,0.308641975
04/03/2016,0
04/02/2016,1.242236025
04/01/2016,0.309597523
03/31/2016,0
03/30/2016,-2.424242424
03/29/2016,0
03/28/2016,0.92879257
03/27/2016,2.48447205
03/26/2016,-0.308641975
03/25/2016,0
03/24/2016,0.625
03/23/2016,0.934579439
03/22/2016,1.572327044
03/21/2016,0.94637224
03/20/2016,-3.021148036
03/19/2016,-3.927492447
03/18/2016,-4.229607251
03/17/2016,0.303030303
03/16/2016,0
03/15/2016,0.607902736
03/14/2016,-2.366863905
03/13/2016,0.607902736
03/12/2016,0.304878049
03/11/2016,4
03/10/2016,0.611620795
03/09/2016,1.863354037
03/08/2016,1.880877743
03/07/2016,0.615384615
03/06/2016,-3.012048193
03/05/2016,-5.341246291
03/04/2016,-5.247813411
03/03/2016,-3.768115942
03/02/2016,-2.034883721
03/01/2016,0.586510264
02/29/2016,0.877192982
02/28/2016,2.077151335
02/27/2016,1.18694362
02/26/2016,0.588235294
02/25/2016,-3.16091954
02/24/2016,-2.601156069
02/23/2016,-1.734104046
02/22/2016,7.076923077
02/21/2016,6.461538462
02/20/2016,6.790123457
02/19/2016,1.246105919
02/18/2016,2.201257862
02/17/2016,0.934579439
02/16/2016,2.555910543
02/15/2016,2.250803859
02/14/2016,4.220779221
02/13/2016,0.967741935
02/12/2016,0.974025974
02/11/2016,0.653594771
02/10/2016,0.323624595
02/09/2016,-0.64516129
02/08/2016,-2.547770701
02/07/2016,-2.215189873
02/06/2016,1.639344262
02/05/2016,1.948051948
02/04/2016,2.597402597
02/03/2016,0
02/02/2016,0
02/01/2016,-0.964630225
01/31/2016,-2.243589744
01/30/2016,-6.382978723
01/29/2016,-1.26984127
01/28/2016,-0.319488818
01/27/2016,3.459119497
01/26/2016,1.612903226
01/25/2016,1.623376623
01/24/2016,-1.242236025
01/23/2016,-8.554572271
01/22/2016,1.986754967
01/21/2016,5.573770492
01/20/2016,11.88118812
01/19/2016,-2.265372168
01/18/2016,1.666666667
01/17/2016,-12.68011527
01/16/2016,-11.20689655
01/15/2016,-14.04011461
01/14/2016,-2.528089888
01/13/2016,-1.694915254
01/12/2016,-1.966292135
01/11/2016,-0.280112045
01/10/2016,-1.666666667
01/09/2016,3.188405797
01/08/2016,2.88184438
01/07/2016,2.857142857
01/06/2016,-0.862068966
01/05/2016,-0.857142857
01/04/2016,-0.284900285
01/03/2016,0
01/02/2016,1.156069364
01/01/2016,0.285714286
12/31/2015,0.288184438
12/30/2015,-0.574712644
12/29/2015,2.339181287
12/28/2015,-4.143646409
12/27/2015,-4.395604396
12/26/2015,-4.469273743
12/25/2015,5.847953216
12/24/2015,5.202312139
12/23/2015,1.129943503
12/22/2015,-8.064516129
12/21/2015,-7.978723404
12/20/2015,-5.347593583
12/19/2015,0.540540541
12/18/2015,-1.82767624
12/17/2015,3.601108033
12/16/2015,1.928374656
12/15/2015,6.094182825
12/14/2015,-5.989583333
12/13/2015,-0.819672131
12/12/2015,-1.634877384
12/11/2015,4.06504065
12/10/2015,0.273972603
12/09/2015,5.763688761
12/08/2015,4.829545455
12/07/2015,8.630952381
12/06/2015,2.662721893
12/05/2015,5.389221557
12/04/2015,-2.040816327
12/03/2015,-6.629834254
12/02/2015,-8.991825613
12/01/2015,-2.556818182
11/30/2015,1.117318436
11/29/2015,1.662049861
11/28/2015,5.389221557
11/27/2015,15.11254019
11/26/2015,15.70512821
11/25/2015,6.369426752
11/24/2015,-1.26984127
11/23/2015,0
11/22/2015,0.319488818
11/21/2015,-1.253918495
11/20/2015,-2.5
11/19/2015,-1.880877743
11/18/2015,3.908794788
11/17/2015,0.313479624
11/16/2015,-1.238390093
11/15/2015,-6.402439024
11/14/2015,7.407407407
11/13/2015,3.525641026
11/12/2015,-3.529411765
11/11/2015,-13.15789474
11/10/2015,-13.33333333
11/09/2015,-4.225352113
11/08/2015,-13.63636364
11/07/2015,-14.89361702
11/06/2015,-22.65795207
11/05/2015,-4.807692308
11/04/2015,6.818181818
11/03/2015,20.78947368
11/02/2015,2.463054187
11/01/2015,4.761904762
10/31/2015,22.58064516
10/30/2015,31.39158576
10/29/2015,21.93548387
10/28/2015,0.977198697
10/27/2015,-0.322580645
10/26/2015,-0.321543408
10/25/2015,-1.286173633
10/24/2015,0.649350649
10/23/2015,0.647249191
10/22/2015,1.967213115
10/21/2015,1.986754967
10/20/2015,0.651465798
10/19/2015,-1.92926045
10/18/2015,-2.580645161
10/17/2015,-2.229299363
10/16/2015,-2.201257862
10/15/2015,-1.27388535
10/14/2015,-0.317460317
10/13/2015,2.250803859
10/12/2015,0.964630225
10/11/2015,2.941176471
10/10/2015,1.633986928
10/09/2015,-1.26984127
10/08/2015,1.324503311
10/07/2015,1.661129568
10/06/2015,3.96039604
10/05/2015,1.003344482
10/04/2015,0.333333333
10/03/2015,0.664451827
10/02/2015,0.673400673
10/01/2015,-2.280130293
09/30/2015,4.87804878
09/29/2015,2.76816609
09/28/2015,6.228373702
09/27/2015,-2.04778157
09/26/2015,0.696864111
09/25/2015,1.76056338
09/24/2015,4.642857143
09/23/2015,0.701754386
09/22/2015,-1.045296167
09/21/2015,-5.405405405
09/20/2015,-2.06185567
09/19/2015,2.5
09/18/2015,4.964539007
09/17/2015,2.464788732
09/16/2015,-0.709219858
09/15/2015,-0.35335689
09/14/2015,-4.054054054
09/13/2015,-4.406779661
09/12/2015,-3.082191781
09/11/2015,-2.950819672
09/10/2015,-3.278688525
09/09/2015,-4.262295082
09/08/2015,4.452054795
09/07/2015,12.96296296
09/06/2015,15.96958175
09/05/2015,4.285714286
09/04/2015,-4.255319149
09/03/2015,-7.394366197
09/02/2015,-1.754385965
09/01/2015,-2.083333333
08/31/2015,-2.405498282
08/30/2015,-0.696864111
08/29/2015,-2.372881356
08/28/2015,-1.020408163
08/27/2015,-4.013377926
08/26/2015,-12.97935103
08/25/2015,-16.23931624
08/24/2015,-16.2464986
08/23/2015,-6.094182825
08/22/2015,0.862068966
08/21/2015,2.88184438
08/20/2015,-9.296482412
08/19/2015,-11.89873418
08/18/2015,-11.70483461
08/17/2015,-1.240694789
08/16/2015,1.804123711
08/15/2015,-1.503759398
08/14/2015,-3.125
08/13/2015,-1.772151899
08/12/2015,2.307692308
08/11/2015,8.051948052
08/10/2015,-6.175771971
08/09/2015,-3.9408867
08/08/2015,-11.49425287
08/07/2015,-3.881278539
08/06/2015,-2.403846154
08/05/2015,4.316546763
08/04/2015,5.542168675
08/03/2015,-10.34482759
08/02/2015,-8.951965066
08/01/2015,-13.54166667
07/31/2015,-8.300395257
07/30/2015,-1.927194861
07/29/2015,3.004291845
07/28/2015,9.287257019
07/27/2015,1.52173913
07/26/2015,23.28042328
07/25/2015,21.20418848
07/24/2015,22.01591512
07/23/2015,-4.060913706
07/22/2015,1.326259947
07/21/2015,-5.75
07/20/2015,3.957783641
07/19/2015,2.16802168
07/18/2015,-4.988123515
07/17/2015,-18.49462366
07/16/2015,-21.15384615
07/15/2015,-20.41587902
07/14/2015,6.407322654
07/13/2015,3.76940133
07/12/2015,-29.84084881
07/11/2015,-31.28930818
07/10/2015,-13.7667304
07/09/2015,39.11439114
07/08/2015,28.48484848
07/07/2015,27.25060827
07/06/2015,31.55339806
07/05/2015,21.62162162
07/04/2015,4.846938776
07/03/2015,0.733496333
07/02/2015,8.823529412
07/01/2015,18.42900302
06/30/2015,31.93548387
06/29/2015,30.76923077
06/28/2015,16.14035088
06/27/2015,11.51079137
06/26/2015,-3.703703704
06/25/2015,-5.940594059
06/24/2015,-7.947019868
06/23/2015,-2.302631579
06/22/2015,7.829181495
06/21/2015,-2.580645161
06/20/2015,5.190311419
06/19/2015,-2.430555556
06/18/2015,53.46534653
06/17/2015,44.5
06/16/2015,54.83870968
06/15/2015,12.22222222
06/14/2015,11.73184358
06/13/2015,5.681818182
06/12/2015,0
06/11/2015,0
06/10/2015,1.734104046
06/09/2015,2.272727273
06/08/2015,1.704545455
06/07/2015,3.592814371
06/06/2015,4.142011834
06/05/2015,5.389221557
06/04/2015,3.086419753
06/03/2015,3.048780488
06/02/2015,-7.73480663
06/01/2015,-11.47540984
05/31/2015,-10.86956522
05/30/2015,-2.162162162
05/29/2015,0.549450549
05/28/2015,2.222222222
05/27/2015,1.092896175
05/26/2015,1.675977654
05/25/2015,-1.639344262
05/24/2015,23.64864865
05/23/2015,22.60273973
05/22/2015,26.20689655
05/21/2015,2.068965517
05/20/2015,0.689655172
05/19/2015,0
05/18/2015,0
05/17/2015,0
05/16/2015,0
05/15/2015,0
05/14/2015,0.694444444
05/13/2015,0.694444444
05/12/2015,0
05/11/2015,-2.702702703
05/10/2015,-1.369863014
05/09/2015,4.316546763
05/08/2015,4.964539007
05/07/2015,3.546099291
05/06/2015,-2.797202797
05/05/2015,-0.704225352
05/04/2015,0
05/03/2015,-0.694444444
05/02/2015,4.411764706
05/01/2015,3.676470588
04/30/2015,4.347826087
04/29/2015,3.03030303
04/28/2015,-2.857142857
04/27/2015,-2.816901408
04/26/2015,-9.589041096
04/25/2015,-3.448275862
04/24/2015,0
04/23/2015,3.546099291
04/22/2015,4.316546763
04/21/2015,0.709219858
04/20/2015,0
04/19/2015,-2.112676056
04/18/2015,2.173913043
04/17/2015,2.173913043
04/16/2015,2.898550725
04/15/2015,-5.479452055
04/14/2015,-5.479452055
04/13/2015,-9.803921569
04/12/2015,-8.176100629
04/11/2015,-10.42944785
04/10/2015,-8.383233533
04/09/2015,-5.917159763
04/08/2015,-4.117647059
04/07/2015,-1.183431953
04/06/2015,-0.588235294
04/05/2015,1.19047619
04/04/2015,1.807228916
04/03/2015,3.03030303
04/02/2015,0.598802395
04/01/2015,0
03/31/2015,-2.941176471
03/30/2015,-1.183431953
03/29/2015,-2.352941176
03/28/2015,1.796407186
03/27/2015,2.424242424
03/26/2015,-4.494382022
03/25/2015,-7.222222222
03/24/2015,-5.714285714
03/23/2015,0.564971751
03/22/2015,2.272727273
03/21/2015,0.574712644
03/20/2015,-10.60606061
03/19/2015,-13.30049261
03/18/2015,-13.86138614
03/17/2015,-1
03/16/2015,0.995024876
03/15/2015,-0.980392157
03/14/2015,-1.477832512
03/13/2015,0
03/12/2015,5.154639175
03/11/2015,7.407407407
03/10/2015,5.235602094
03/09/2015,2.105263158
03/08/2015,-1.5625
03/07/2015,-1.03626943
03/06/2015,-3.06122449
03/05/2015,-1.030927835
03/04/2015,2.116402116
03/03/2015,6.52173913
03/02/2015,4.864864865
03/01/2015,4.419889503
02/28/2015,2.222222222
02/27/2015,1.092896175
02/26/2015,-0.549450549
02/25/2015,0
02/24/2015,-1.081081081
02/23/2015,-1.621621622
02/22/2015,-2.702702703
02/21/2015,1.092896175
02/20/2015,0
02/19/2015,2.777777778
02/18/2015,-0.543478261
02/17/2015,-4.639175258
02/16/2015,-1.098901099
02/15/2015,4.545454545
02/14/2015,12.13872832
02/13/2015,3.409090909
02/12/2015,1.734104046
02/11/2015,-2.808988764
02/10/2015,-1.123595506
02/09/2015,-1.704545455
02/08/2015,2.298850575
02/07/2015,-0.558659218
02/06/2015,-3.296703297
02/05/2015,-7.446808511
02/04/2015,-0.555555556
02/03/2015,-2.673796791
02/02/2015,-1.052631579
02/01/2015,-6.25
01/31/2015,0
01/30/2015,-9.090909091
01/29/2015,-7.692307692
01/28/2015,-16.88888889
01/27/2015,13.58695652
01/26/2015,45.45454545
01/25/2015,58.45070423
01/24/2015,34.30656934
01/23/2015,8.333333333
01/22/2015,5.970149254
01/21/2015,3.007518797
01/20/2015,2.325581395
01/19/2015,-4.285714286
01/18/2015,3.90625
01/17/2015,11.20689655
01/16/2015,-9.090909091
01/15/2015,-25.14619883
01/14/2015,-32.55813953
01/13/2015,-6.666666667
01/12/2015,-13.63636364
01/11/2015,-14.4278607
01/10/2015,-22.16981132
01/09/2015,-6.161137441
01/08/2015,-3.365384615
01/07/2015,8.163265306
01/06/2015,-0.938967136
01/05/2015,-22.09737828
01/04/2015,-27.40740741
01/03/2015,-21.69117647
01/02/2015,-1.111111111
01/01/2015,0.371747212
12/31/2014,-0.366300366
12/30/2014,-0.735294118
12/29/2014,-3.237410072
12/28/2014,1.111111111
12/27/2014,-0.729927007
12/26/2014,-3.472222222
12/25/2014,-6.574394464
12/24/2014,-3.859649123
12/23/2014,-1.369863014
12/22/2014,0.696864111
12/21/2014,1.423487544
12/20/2014,-0.680272109
12/19/2014,-4.966887417
12/18/2014,-18.55072464
12/17/2014,-15.51724138
12/16/2014,-13.2183908
12/15/2014,-1.146131805
12/14/2014,0
12/13/2014,-0.571428571
12/12/2014,-0.852272727
12/11/2014,-4.657534247
12/10/2014,-5.660377358
12/09/2014,-2.493074792
12/08/2014,0.828729282
12/07/2014,3.342618384
12/06/2014,0
12/05/2014,-0.275482094
12/04/2014,0.279329609
12/03/2014,0.837988827
12/02/2014,1.114206128
12/01/2014,-0.555555556
11/30/2014,0.561797753
11/29/2014,0.842696629
11/28/2014,0.840336134
11/27/2014,-1.928374656
11/26/2014,-0.835654596
11/25/2014,1.420454545
11/24/2014,3.714285714
11/23/2014,-0.55401662
11/22/2014,-7.611548556
11/21/2014,-7.161803714
11/20/2014,-6.958762887
11/19/2014,-1.804123711
11/18/2014,-2.077922078
11/17/2014,-2.756892231
11/16/2014,-5.365853659
11/15/2014,-5.405405405
11/14/2014,8.423913043
11/13/2014,10.81081081
11/12/2014,12.12121212
11/11/2014,3.370786517
11/10/2014,3.93258427
11/09/2014,-0.547945205
11/08/2014,-2.197802198
11/07/2014,-0.835654596
11/06/2014,1.955307263
11/05/2014,1.39275766
11/04/2014,0.56022409
11/03/2014,-4.533333333
11/02/2014,-5.277044855
11/01/2014,-4.289544236
10/31/2014,-2.597402597
10/30/2014,-0.524934383
10/29/2014,0
10/28/2014,4.904632153
10/27/2014,1.6
10/26/2014,-0.267379679
10/25/2014,-4.427083333
10/24/2014,-4.822335025
10/23/2014,-4.347826087
10/22/2014,-3.759398496
10/21/2014,-2.955665025
10/20/2014,-2.005012531
10/19/2014,0
10/18/2014,0
10/17/2014,-2.205882353
10/16/2014,3.367875648
10/15/2014,5.454545455
10/14/2014,8.222811671
10/13/2014,1.312335958
10/12/2014,-1.282051282
10/11/2014,-3.58056266
10/10/2014,-1.295336788
10/09/2014,2.094240838
10/08/2014,5.675675676
10/07/2014,-2.030456853
10/06/2014,-8.612440191
10/05/2014,-14.35185185
10/04/2014,-11.06094808
10/03/2014,-6.487695749
10/02/2014,1.647058824
10/01/2014,4.728132388
09/30/2014,1.131221719
09/29/2014,-4.063205418
09/28/2014,-6.208425721
09/27/2014,-5.353319058
09/26/2014,-6.736842105
09/25/2014,6.367924528
09/24/2014,9.882352941
09/23/2014,10.72261072
09/22/2014,-2.07852194
09/21/2014,-9.381663113
09/20/2014,-15.2173913
09/19/2014,-14.59566075
09/18/2014,-9.459459459
09/17/2014,-6.296296296
09/16/2014,-6.972477064
09/15/2014,-3.717472119
09/14/2014,-0.917431193
09/13/2014,2.059925094
09/12/2014,6.114398422
09/11/2014,6.862745098
09/10/2014,3.488372093
09/09/2014,1.807228916
09/08/2014,2.822580645
09/07/2014,-0.386100386
09/06/2014,2.258726899
09/05/2014,2.904564315
09/04/2014,9.978768577
09/03/2014,0.205761317
09/02/2014,-7.839388145
09/01/2014,-12.12686567
08/31/2014,-7.954545455
08/30/2014,-2.968460111
08/29/2014,-3.249097473
08/28/2014,1.343570058
08/27/2014,-1.100917431
08/26/2014,13.06122449
08/25/2014,-0.761904762
08/24/2014,-6.034482759
08/23/2014,-10.09174312
08/22/2014,12.41970021
08/21/2014,56.33423181
08/20/2014,25.86605081
08/19/2014,-6.224899598
08/18/2014,-26.53465347
08/17/2014,-14.08730159
08/16/2014,-1.19047619
08/15/2014,-10.61946903
08/14/2014,-16.83168317
08/13/2014,-27.48201439
08/12/2014,-18.58789625
08/11/2014,-14.16430595
08/10/2014,-3.203342618
08/09/2014,-3.342618384
08/08/2014,-2.888583219
08/07/2014,-3.10391363
08/06/2014,-4.774535809
08/05/2014,-4.718217562
08/04/2014,-3.766233766
08/03/2014,0
08/02/2014,5.096418733
08/01/2014,0.653594771
07/31/2014,-0.658761528
07/30/2014,-6.322580645
07/29/2014,0.657894737
07/28/2014,0.529801325
07/27/2014,-0.513478819
07/26/2014,-10.16548463
07/25/2014,-11.90198366
07/24/2014,-9.313154831
07/23/2014,0
07/22/2014,-0.464576074
07/21/2014,-1.490825688
07/20/2014,-2.309468822
07/19/2014,3.485576923
07/18/2014,1.869158879
07/17/2014,0.464037123
07/16/2014,-6.516853933
07/15/2014,-0.696055684
07/14/2014,9.808917197
07/13/2014,14.24903723
07/12/2014,10.65468549
07/11/2014,1.552393273
07/10/2014,3.042328042
07/09/2014,9.563994374
07/08/2014,6.181318681
07/07/2014,2.997275204
07/06/2014,-11.45703611
07/05/2014,-10.78431373
07/04/2014,-5.776636714
07/03/2014,-10.27932961
07/02/2014,-8.928571429
07/01/2014,-15.23394995
06/30/2014,-3.243243243
06/29/2014,-1.430143014
06/28/2014,0
06/27/2014,-3.946002077
06/26/2014,-6.481481481
06/25/2014,-5.93654043
06/24/2014,-2.034587996
06/23/2014,-1.119023398
06/22/2014,-2.202202202
06/21/2014,1.549586777
06/20/2014,1.759834369
06/19/2014,2.883625129
06/18/2014,-2.615694165
06/17/2014,-2.719033233
06/16/2014,-5.268292683
06/15/2014,-2.261553589
06/14/2014,-9.232175503
06/13/2014,-7.740774077
06/12/2014,-9.033989267
06/11/2014,-2.928127773
06/10/2014,0
06/09/2014,-0.178571429
06/08/2014,-0.177147919
06/07/2014,0.452079566
06/06/2014,-2.43902439
06/05/2014,-0.616197183
06/04/2014,-0.718132855
06/03/2014,5.032021958
06/02/2014,0.977777778
06/01/2014,3.339517625
05/31/2014,-0.906618314
05/30/2014,0.896860987
05/29/2014,-6.747404844
05/28/2014,-4.336513443
05/27/2014,0.45045045
05/26/2014,2.938557435
05/25/2014,8.059981256
05/24/2014,4.815864023
05/23/2014,5.644402634
05/22/2014,3.59223301
05/21/2014,2.22007722
05/20/2014,2.70531401
05/19/2014,-1.056676273
05/18/2014,-0.861244019
05/17/2014,-0.767018217
05/16/2014,-0.09596929
05/15/2014,0.384245917
05/14/2014,0.675675676
05/13/2014,-2.889095993
05/12/2014,-3.162790698
05/11/2014,-0.861244019
05/10/2014,2.093244529
05/09/2014,4.065827686
05/08/2014,2.652259332
05/07/2014,1.841085271
05/06/2014,0.193986421
05/05/2014,-3.047619048
05/04/2014,-7.027027027
05/03/2014,-5.412844037
05/02/2014,0.961538462
05/01/2014,9.575518263
04/30/2014,9.879032258
04/29/2014,-1.608325449
04/28/2014,-6.116774791
04/27/2014,-20.9561753
04/26/2014,-12.86067601
04/25/2014,-10.6048053
04/24/2014,0.4
04/23/2014,-3.882725832
04/22/2014,-5.850234009
04/21/2014,3.648424544
04/20/2014,0.798722045
04/19/2014,-4.11368736
04/18/2014,-8.981132075
04/17/2014,8.680555556
04/16/2014,29.67992241
04/15/2014,24.29643527
04/14/2014,5.205479452
04/13/2014,21.86761229
04/12/2014,-4.736371761
04/11/2014,-3.60915493
04/10/2014,-24.86678508
04/09/2014,-3.865979381
04/08/2014,1.428571429
04/07/2014,2.177858439
04/06/2014,5.339366516
04/05/2014,-0.797165633
04/04/2014,-16.07006855
04/03/2014,-13.33333333
04/02/2014,-14.07914764
04/01/2014,-2.379182156
03/31/2014,-7.205240175
03/30/2014,5.288461538
03/29/2014,-17.33251383
03/28/2014,-15.70552147
03/27/2014,-22.91537986
03/26/2014,5.924479167
03/25/2014,3.755569701
03/24/2014,3.121019108
03/23/2014,-6.739526412
03/22/2014,-8.874709977
03/21/2014,-19.15550978
03/20/2014,-4.852686308
03/19/2014,-0.634005764
03/18/2014,14.9112426
03/17/2014,4.339963834
03/16/2014,1.938895417
03/15/2014,-1.629802095
03/14/2014,2.788104089
03/13/2014,6.308557152
03/12/2014,7.375
03/11/2014,4.737183647
03/10/2014,1.009463722
03/09/2014,-2.794653706
03/08/2014,-5.691554468
03/07/2014,-7.147041593
03/06/2014,15.34688157
03/05/2014,28.25745683
03/04/2014,25.05494505
03/03/2014,7.860922147
03/02/2014,-10.84674598
03/01/2014,-4.075895994
02/28/2014,-4.269175109
02/27/2014,-1.786941581
02/26/2014,-8.134280181
02/25/2014,-7.49665328
02/24/2014,4.75161987
02/23/2014,10.80114449
02/22/2014,-5.022250477
02/21/2014,-11.07554417
02/20/2014,-9.748224661
02/19/2014,3.486842105
02/18/2014,-3.401360544
02/17/2014,-5.606337599
02/16/2014,-0.588620013
02/15/2014,-4.601769912
02/14/2014,-6.013745704
02/13/2014,-13.76198534
02/12/2014,-6.970362239
02/11/2014,-3.42920354
02/10/2014,-4.368932039
02/09/2014,-8.488196886
02/08/2014,-12.99326275
02/07/2014,-13.60671016
02/06/2014,-9.12825194
02/05/2014,-7.232142857
02/04/2014,-4.494882065
02/03/2014,-0.994125621
02/02/2014,3.273397879
02/01/2014,2.509124088
01/31/2014,2.691415313
01/30/2014,8.341658342
01/29/2014,-9.12106136
01/28/2014,-6.629116118
01/27/2014,-3.378378378
01/26/2014,7.774798928
01/25/2014,-2.410147992
01/24/2014,-16.21512333
01/23/2014,-11.19047619
01/22/2014,-7.036163522
01/21/2014,0.733197556
01/20/2014,6.284268241
01/19/2014,4.006541292
01/18/2014,-2.656621729
01/17/2014,-1.618257261
01/16/2014,0.782859497
01/15/2014,0.518134715
01/14/2014,-10.0410601
01/13/2014,-2.647412756
01/12/2014,2.701596398
01/11/2014,9.840098401
01/10/2014,7.225806452
01/09/2014,-16.39288159
01/08/2014,-9.094297428
01/07/2014,-7.407407407
01/06/2014,17.727639
01/05/2014,4.153726708
01/04/2014,1.990251828
01/03/2014,1.930184805
01/02/2014,5.660377358
01/01/2014,2.285002077
12/31/2013,7.934397163
12/30/2013,4.770090245
12/29/2013,-2.786752827
12/28/2013,6.666666667
12/27/2013,31.91609977
12/26/2013,38.40134153
12/25/2013,25.44483986
12/24/2013,5.439330544
12/23/2013,1.821286283
12/22/2013,-15.31893521
12/21/2013,24.94398805
12/20/2013,-20.02730997
12/19/2013,-19.19642857
12/18/2013,-57.19309463
12/17/2013,-27.68268598
12/16/2013,-21.02564103
12/15/2013,-0.981323204
12/14/2013,-1.936733376
12/13/2013,-14.02590245
12/12/2013,0.063351283
12/11/2013,13.6046938
12/10/2013,55.81794762
12/09/2013,5.797587131
12/08/2013,-27.7615894
12/07/2013,-47.93203666
12/06/2013,-25.00628299
12/05/2013,13.77335744
12/04/2013,28.75647668
12/03/2013,-1.68025698
12/02/2013,-12.08267091
12/01/2013,-19.935469
11/30/2013,3.662909836
11/29/2013,85.45454545
11/28/2013,253.6267319
11/27/2013,275.0240154
11/26/2013,91.8001885
11/25/2013,21.12537019
11/24/2013,11.3368984
11/23/2013,32.95739348
11/22/2013,26.15193026
11/21/2013,-0.213447172
11/20/2013,95.11002445
11/19/2013,86.74418605
11/18/2013,122.5653207
11/17/2013,-4.662004662
11/16/2013,4.622871046
11/15/2013,5.778894472
11/14/2013,7.25
11/13/2013,4.580152672
11/12/2013,-5.687203791
11/11/2013,-13.23210412
11/10/2013,-10.47835991
11/09/2013,24.48377581
11/08/2013,51.64473684
11/07/2013,42.53246753
11/06/2013,17.70833333
11/05/2013,12.59259259
11/04/2013,25.71428571
11/03/2013,22.03389831
11/02/2013,17.90393013
11/01/2013,15.02347418
10/31/2013,8.256880734
10/30/2013,7.511737089
10/29/2013,-3.619909502
10/28/2013,0
10/27/2013,-6.167400881
10/26/2013,7.804878049
10/25/2013,28.23529412
10/24/2013,24.72527473
10/23/2013,6.21761658
10/22/2013,-9.574468085
10/21/2013,-4.210526316
10/20/2013,1.047120419
10/19/2013,-2.083333333
10/18/2013,-3.06122449
10/17/2013,-6.829268293
10/16/2013,-9.85915493
10/15/2013,-7.547169811
10/14/2013,-0.966183575
10/13/2013,4.926108374
10/12/2013,10.41666667
10/11/2013,4.545454545
10/10/2013,-3.333333333
10/09/2013,-11.52073733
10/08/2013,-7.906976744
10/07/2013,-4.545454545
10/06/2013,0
10/05/2013,9.137055838
10/04/2013,-9.090909091
10/03/2013,-7.659574468
10/02/2013,-14.34782609
10/01/2013,7.555555556
09/30/2013,-2.083333333
09/29/2013,-3.765690377
09/28/2013,-5.063291139
09/27/2013,-2.834008097
09/26/2013,-3.238866397
09/25/2013,-6.324110672
09/24/2013,-1.593625498
09/23/2013,-0.403225806
09/22/2013,-3.435114504
09/21/2013,-1.953125
09/20/2013,-4.615384615
09/19/2013,-0.380228137
09/18/2013,-3.03030303
09/17/2013,2.362204724
09/16/2013,-1.498127341
09/15/2013,-2.222222222
09/14/2013,-6.617647059
09/13/2013,1.136363636
09/12/2013,-1.098901099
09/11/2013,-0.366300366
09/10/2013,-2.58302583
09/09/2013,1.486988848
09/08/2013,-0.727272727
09/07/2013,-3.558718861
09/06/2013,3.461538462
09/05/2013,7.421875
09/04/2013,8.914728682
09/03/2013,0.775193798
09/02/2013,-3.759398496
09/01/2013,1.176470588
08/31/2013,2.380952381
08/30/2013,3.501945525
08/29/2013,-0.778210117
08/28/2013,-2.702702703
08/27/2013,-4.460966543
08/26/2013,-5.514705882
08/25/2013,-5.818181818
08/24/2013,-0.37037037
08/23/2013,-2.158273381
08/22/2013,-2.482269504
08/21/2013,-3.571428571
08/20/2013,-1.418439716
08/19/2013,3.676470588
08/18/2013,1.449275362
08/17/2013,3.296703297
08/16/2013,-0.729927007
08/15/2013,4.150943396
08/14/2013,1.486988848
08/13/2013,7.03125
08/12/2013,-1.119402985
08/11/2013,-0.37037037
08/10/2013,-7.246376812
08/09/2013,-4.964539007
08/08/2013,-4.593639576
08/07/2013,-8.305647841
08/06/2013,-4.72972973
08/05/2013,-0.352112676
08/04/2013,3.436426117
08/03/2013,3.135888502
08/02/2013,-5.016722408
08/01/2013,-1.689189189
07/31/2013,-3.691275168
07/30/2013,3.819444444
07/29/2013,2.068965517
07/28/2013,0.336700337
07/27/2013,-2.040816327
07/26/2013,-3.010033445
07/25/2013,2.76816609
07/24/2013,0.684931507
07/23/2013,4.545454545
07/22/2013,-2.364864865
07/21/2013,1.038062284
07/20/2013,-9.206349206
07/19/2013,-4.516129032
07/18/2013,-3.020134228
07/17/2013,8.24742268
07/16/2013,6.896551724
07/15/2013,6.810035842
07/14/2013,6.593406593
07/13/2013,3.202846975
07/12/2013,6.896551724
07/11/2013,4.597701149
07/10/2013,5.639097744
07/09/2013,3.571428571
07/08/2013,7.407407407
07/07/2013,-2.564102564
07/06/2013,-3.816793893
07/05/2013,-14.13427562
07/04/2013,-7.457627119
07/03/2013,-12.08053691
07/02/2013,1.433691756
07/01/2013,7.272727273
06/30/2013,-1.324503311
06/29/2013,-2.447552448
06/28/2013,-2.482269504
06/27/2013,5.226480836
06/26/2013,-8.333333333
06/25/2013,-3.424657534
06/24/2013,0
06/23/2013,36.24454148
06/22/2013,26.95652174
06/21/2013,24.24242424
06/20/2013,0.438596491
06/19/2013,7.981220657
06/18/2013,9.478672986
06/17/2013,7.042253521
06/16/2013,-6.167400881
06/15/2013,-11.34453782
06/14/2013,-11.25
06/13/2013,-8.835341365
06/12/2013,0
06/11/2013,-6.25
06/10/2013,-4.230769231
06/09/2013,-13.45454545
06/08/2013,-10.48951049
06/07/2013,-9.407665505
06/06/2013,0.732600733
06/05/2013,4.761904762
06/04/2013,1.413427562
06/03/2013,-7.77027027
06/02/2013,-8.080808081
06/01/2013,-8.709677419
05/31/2013,-4.207119741
05/30/2013,-4.193548387
05/29/2013,-4.615384615
05/28/2013,-0.961538462
05/27/2013,-2.51572327
05/26/2013,2.201257862
05/25/2013,0
05/24/2013,2.912621359
05/23/2013,0
05/22/2013,-5.454545455
05/21/2013,-6.079027356
05/20/2013,-0.313479624
05/19/2013,13.01369863
05/18/2013,11.9047619
05/17/2013,13.12056738
05/16/2013,-10.97560976
05/15/2013,-10.09174312
05/14/2013,-15.82089552
05/13/2013,-4.651162791
05/12/2013,-4.385964912
05/11/2013,-1.759530792
05/10/2013,3.303303303
05/09/2013,1.483679525
05/08/2013,-5.013927577
05/07/2013,-4.310344828
05/06/2013,10.85526316
05/05/2013,6.528189911
05/04/2013,-8.421052632
05/03/2013,-29.30232558
05/02/2013,-23.05936073
05/01/2013,-12.64367816
